{"graph": {"_type": "graph-file", "sha256": "0e45c3f7c294c21986789e828d455e4873b512109f2a59e78bea30cb7abf20a4", "size": 1376, "path": "media/graph/graph_summary_0e45c3f7c294c2198678.graph.json"}, "epoch": 4, "_timestamp": 1709397528.73877, "loss": 0.0239469725638628, "accuracy": 0.9924333095550537, "val_loss": 0.03190240263938904, "val_accuracy": 0.9896000027656555, "_runtime": 121.99823689460754, "_step": 5, "best_val_loss": 0.03190240263938904, "best_epoch": 4, "test_loss": 0.03190240636467934, "test_accuracy": 0.9896000027656555, "_wandb": {"runtime": 121}}