{"graph": {"_type": "graph-file", "sha256": "0e45c3f7c294c21986789e828d455e4873b512109f2a59e78bea30cb7abf20a4", "size": 1376, "path": "media/graph/graph_summary_0e45c3f7c294c2198678.graph.json"}, "epoch": 1, "_timestamp": 1709397680.2143161, "loss": 0.05215470865368843, "accuracy": 0.9836500287055969, "val_loss": 0.03616701066493988, "val_accuracy": 0.9884999990463257, "_runtime": 46.02518105506897, "_step": 1, "best_val_loss": 0.03616701066493988, "best_epoch": 1, "_wandb": {"runtime": 59}}