{"batch/loss": 0.8176277875900269, "batch/accuracy": 0.7905910611152649, "batch/batch_step": 395, "batch/learning_rate": 0.009999999776482582, "_timestamp": 1710323991.970111, "_runtime": 21.882277965545654, "_step": 87, "epoch/loss": 0.8164889216423035, "epoch/accuracy": 0.7906666398048401, "epoch/val_loss": 0.714930534362793, "epoch/val_accuracy": 0.8339999914169312, "epoch/epoch": 7, "epoch/learning_rate": 0.009999999776482582, "_wandb": {"runtime": 21}}