{"graph": {"_type": "graph-file", "sha256": "0e45c3f7c294c21986789e828d455e4873b512109f2a59e78bea30cb7abf20a4", "size": 1376, "path": "media/graph/graph_summary_0e45c3f7c294c2198678.graph.json"}, "epoch": 19, "_timestamp": 1709398198.805961, "loss": 0.0720963403582573, "accuracy": 0.9856166839599609, "val_loss": 0.08704133331775665, "val_accuracy": 0.9833999872207642, "_runtime": 397.9071218967438, "_step": 20, "best_val_loss": 0.06565224379301071, "best_epoch": 2, "test_loss": 0.08704131841659546, "test_accuracy": 0.9833999872207642, "_wandb": {"runtime": 397}}