{"batch/loss": 0.7288157343864441, "batch/accuracy": 0.841457188129425, "batch/batch_step": 395, "batch/learning_rate": 0.009999999776482582, "_timestamp": 1710320271.121593, "_runtime": 31.347640991210938, "_step": 87, "epoch/loss": 0.7282910943031311, "epoch/accuracy": 0.8415833115577698, "epoch/val_loss": 0.702966570854187, "epoch/val_accuracy": 0.8180000185966492, "epoch/epoch": 7, "epoch/learning_rate": 0.009999999776482582, "_wandb": {"runtime": 31}}