{"batch/loss": 0.7358074188232422, "batch/accuracy": 0.8385699987411499, "batch/batch_step": 395, "batch/learning_rate": 0.009999999776482582, "_timestamp": 1710320148.547456, "_runtime": 31.0969340801239, "_step": 87, "epoch/loss": 0.7327845692634583, "epoch/accuracy": 0.8397499918937683, "epoch/val_loss": 0.6989009976387024, "epoch/val_accuracy": 0.8259999752044678, "epoch/epoch": 7, "epoch/learning_rate": 0.009999999776482582, "_wandb": {"runtime": 31}}