{"graph": {"_type": "graph-file", "sha256": "0e45c3f7c294c21986789e828d455e4873b512109f2a59e78bea30cb7abf20a4", "size": 1376, "path": "media/graph/graph_summary_0e45c3f7c294c2198678.graph.json"}, "epoch": 5, "_timestamp": 1709463674.734745, "loss": 0.04625966027379036, "accuracy": 0.9869166612625122, "val_loss": 0.05439287796616554, "val_accuracy": 0.9860000014305115, "_runtime": 145.7786741256714, "_step": 6, "best_val_loss": 0.0454854853451252, "best_epoch": 4, "test_loss": 0.05439285933971405, "test_accuracy": 0.9860000014305115, "_wandb": {"runtime": 145}}