{"batch/loss": 0.9241517186164856, "batch/accuracy": 0.7406589388847351, "batch/batch_step": 395, "batch/learning_rate": 0.009999999776482582, "_timestamp": 1709390621.976109, "_runtime": 11.36374807357788, "_step": 87, "epoch/loss": 0.9241520762443542, "epoch/accuracy": 0.7403333187103271, "epoch/val_loss": 0.7552069425582886, "epoch/val_accuracy": 0.8379999995231628, "epoch/epoch": 7, "epoch/learning_rate": 0.009999999776482582, "_wandb": {"runtime": 11}}